{
  "rating":{
      "max":10,
      "average":9.6,
      "stars":"50",
      "min":0
  },
  "reviews_count":7460,
  "wish_count":164863,
  "douban_site":"",
  "year":"1994",
  "images":{
      "small":"https://img3.doubanio.com/view/photo/s_ratio_poster/public/p480747492.webp",
      "large":"https://img3.doubanio.com/view/photo/s_ratio_poster/public/p480747492.webp",
      "medium":"https://img3.doubanio.com/view/photo/s_ratio_poster/public/p480747492.webp"
  },
  "alt":"https://movie.douban.com/subject/1292052/",
  "id":"1292052",
  "mobile_url":"https://movie.douban.com/subject/1292052/mobile",
  "title":"肖申克的救赎",
  "do_count":null,
  "share_url":"https://m.douban.com/movie/subject/1292052",
  "seasons_count":null,
  "schedule_url":"",
  "episodes_count":null,
  "countries":[
      "美国"
  ],
  "genres":[
      "犯罪",
      "剧情"
  ],
  "collect_count":1679416,
  "casts":[
      {
          "alt":"https://movie.douban.com/celebrity/1054521/",
          "avatars":{
              "small":"https://img3.doubanio.com/view/celebrity/s_ratio_celebrity/public/p17525.webp",
              "large":"https://img3.doubanio.com/view/celebrity/s_ratio_celebrity/public/p17525.webp",
              "medium":"https://img3.doubanio.com/view/celebrity/s_ratio_celebrity/public/p17525.webp"
          },
          "name":"蒂姆·罗宾斯",
          "id":"1054521"
      },
      {
          "alt":"https://movie.douban.com/celebrity/1054534/",
          "avatars":{
              "small":"https://img3.doubanio.com/view/celebrity/s_ratio_celebrity/public/p34642.webp",
              "large":"https://img3.doubanio.com/view/celebrity/s_ratio_celebrity/public/p34642.webp",
              "medium":"https://img3.doubanio.com/view/celebrity/s_ratio_celebrity/public/p34642.webp"
          },
          "name":"摩根·弗里曼",
          "id":"1054534"
      },
      {
          "alt":"https://movie.douban.com/celebrity/1041179/",
          "avatars":{
              "small":"https://img1.doubanio.com/view/celebrity/s_ratio_celebrity/public/p5837.webp",
              "large":"https://img1.doubanio.com/view/celebrity/s_ratio_celebrity/public/p5837.webp",
              "medium":"https://img1.doubanio.com/view/celebrity/s_ratio_celebrity/public/p5837.webp"
          },
          "name":"鲍勃·冈顿",
          "id":"1041179"
      },
      {
          "alt":"https://movie.douban.com/celebrity/1000095/",
          "avatars":{
              "small":"https://img1.doubanio.com/view/celebrity/s_ratio_celebrity/public/p7827.webp",
              "large":"https://img1.doubanio.com/view/celebrity/s_ratio_celebrity/public/p7827.webp",
              "medium":"https://img1.doubanio.com/view/celebrity/s_ratio_celebrity/public/p7827.webp"
          },
          "name":"威廉姆·赛德勒",
          "id":"1000095"
      }
  ],
  "current_season":null,
  "original_title":"The Shawshank Redemption",
  "summary":"20世纪40年代末",
  "subtype":"movie",
  "directors":[
      {
          "alt":"https://movie.douban.com/celebrity/1047973/",
          "avatars":{
              "small":"https://img3.doubanio.com/view/celebrity/s_ratio_celebrity/public/p230.webp",
              "large":"https://img3.doubanio.com/view/celebrity/s_ratio_celebrity/public/p230.webp",
              "medium":"https://img3.doubanio.com/view/celebrity/s_ratio_celebrity/public/p230.webp"
          },
          "name":"弗兰克·德拉邦特",
          "id":"1047973"
      }
  ],
  "comments_count":261537,
  "ratings_count":1322541,
  "aka":[
      "月黑高飞(港)",
      "刺激1995(台)",
      "地狱诺言",
      "铁窗岁月",
      "消香克的救赎"
  ]
}