{
  "albums": [{
      "name": "飙升榜",
      "id": 19723756,
      "bg": "./img/soar_music.jpg"
    },
    {
      "name": "新歌榜",
      "id": 3779629,
      "bg": "./img/new_music.jpg"
    },
    {
      "name": "原创榜",
      "id": 2884035,
      "bg": "./img/original_music.jpg"
    },
    {
      "name": "KTV麦榜",
      "id": 21845217,
      "bg": "./img/ktv_music.jpg"
    },
    {
      "name": "华语金曲榜",
      "id": 4395559,
      "bg": "./img/chinese_music.jpg"
    },
    {
      "name": "我的专辑",
      "id": 98833242,
      "bg": "./img/my_music.jpg"
    }
  ]
}
