{"count":10,"start":10,"total":20,"subjects":[{"rating":{"max":10,"average":9.3,"stars":"50","min":0},"genres":["爱情","科幻","动画"],"title":"机器人总动员","casts":[{"alt":"https://movie.douban.com/celebrity/1009535/","avatars":{"small":"https://img1.doubanio.com/view/celebrity/s_ratio_celebrity/public/p13028.jpg","large":"https://img1.doubanio.com/view/celebrity/s_ratio_celebrity/public/p13028.jpg","medium":"https://img1.doubanio.com/view/celebrity/s_ratio_celebrity/public/p13028.jpg"},"name":"本·贝尔特","id":"1009535"},{"alt":"https://movie.douban.com/celebrity/1000389/","avatars":{"small":"https://img3.doubanio.com/view/celebrity/s_ratio_celebrity/public/p1519794715.93.jpg","large":"https://img3.doubanio.com/view/celebrity/s_ratio_celebrity/public/p1519794715.93.jpg","medium":"https://img3.doubanio.com/view/celebrity/s_ratio_celebrity/public/p1519794715.93.jpg"},"name":"艾丽莎·奈特","id":"1000389"},{"alt":"https://movie.douban.com/celebrity/1018022/","avatars":{"small":"https://img1.doubanio.com/view/celebrity/s_ratio_celebrity/public/p31068.jpg","large":"https://img1.doubanio.com/view/celebrity/s_ratio_celebrity/public/p31068.jpg","medium":"https://img1.doubanio.com/view/celebrity/s_ratio_celebrity/public/p31068.jpg"},"name":"杰夫·格尔林","id":"1018022"}],"collect_count":941247,"original_title":"WALL·E","subtype":"movie","directors":[{"alt":"https://movie.douban.com/celebrity/1036450/","avatars":{"small":"https://img3.doubanio.com/view/celebrity/s_ratio_celebrity/public/p1467359656.96.jpg","large":"https://img3.doubanio.com/view/celebrity/s_ratio_celebrity/public/p1467359656.96.jpg","medium":"https://img3.doubanio.com/view/celebrity/s_ratio_celebrity/public/p1467359656.96.jpg"},"name":"安德鲁·斯坦顿","id":"1036450"}],"year":"2008","images":{"small":"https://img3.doubanio.com/view/photo/s_ratio_poster/public/p1461851991.jpg","large":"https://img3.doubanio.com/view/photo/s_ratio_poster/public/p1461851991.jpg","medium":"https://img3.doubanio.com/view/photo/s_ratio_poster/public/p1461851991.jpg"},"alt":"https://movie.douban.com/subject/2131459/","id":"2131459"},{"rating":{"max":10,"average":9.2,"stars":"45","min":0},"genres":["剧情","喜剧","爱情"],"title":"三傻大闹宝莱坞","casts":[{"alt":"https://movie.douban.com/celebrity/1031931/","avatars":{"small":"https://img1.doubanio.com/view/celebrity/s_ratio_celebrity/public/p13628.jpg","large":"https://img1.doubanio.com/view/celebrity/s_ratio_celebrity/public/p13628.jpg","medium":"https://img1.doubanio.com/view/celebrity/s_ratio_celebrity/public/p13628.jpg"},"name":"阿米尔·汗","id":"1031931"},{"alt":"https://movie.douban.com/celebrity/1049635/","avatars":{"small":"https://img1.doubanio.com/view/celebrity/s_ratio_celebrity/public/p5568.jpg","large":"https://img1.doubanio.com/view/celebrity/s_ratio_celebrity/public/p5568.jpg","medium":"https://img1.doubanio.com/view/celebrity/s_ratio_celebrity/public/p5568.jpg"},"name":"卡琳娜·卡普尔","id":"1049635"},{"alt":"https://movie.douban.com/celebrity/1018290/","avatars":{"small":"https://img3.doubanio.com/view/celebrity/s_ratio_celebrity/public/p5651.jpg","large":"https://img3.doubanio.com/view/celebrity/s_ratio_celebrity/public/p5651.jpg","medium":"https://img3.doubanio.com/view/celebrity/s_ratio_celebrity/public/p5651.jpg"},"name":"马达范","id":"1018290"}],"collect_count":1245108,"original_title":"3 Idiots","subtype":"movie","directors":[{"alt":"https://movie.douban.com/celebrity/1286677/","avatars":{"small":"https://img1.doubanio.com/view/celebrity/s_ratio_celebrity/public/p16549.jpg","large":"https://img1.doubanio.com/view/celebrity/s_ratio_celebrity/public/p16549.jpg","medium":"https://img1.doubanio.com/view/celebrity/s_ratio_celebrity/public/p16549.jpg"},"name":"拉吉库马尔·希拉尼","id":"1286677"}],"year":"2009","images":{"small":"https://img3.doubanio.com/view/photo/s_ratio_poster/public/p579729551.jpg","large":"https://img3.doubanio.com/view/photo/s_ratio_poster/public/p579729551.jpg","medium":"https://img3.doubanio.com/view/photo/s_ratio_poster/public/p579729551.jpg"},"alt":"https://movie.douban.com/subject/3793023/","id":"3793023"},{"rating":{"max":10,"average":9.2,"stars":"50","min":0},"genres":["剧情","音乐"],"title":"海上钢琴师","casts":[{"alt":"https://movie.douban.com/celebrity/1025176/","avatars":{"small":"https://img3.doubanio.com/view/celebrity/s_ratio_celebrity/public/p6281.jpg","large":"https://img3.doubanio.com/view/celebrity/s_ratio_celebrity/public/p6281.jpg","medium":"https://img3.doubanio.com/view/celebrity/s_ratio_celebrity/public/p6281.jpg"},"name":"蒂姆·罗斯","id":"1025176"},{"alt":"https://movie.douban.com/celebrity/1010659/","avatars":{"small":"https://img3.doubanio.com/view/celebrity/s_ratio_celebrity/public/p1355152571.6.jpg","large":"https://img3.doubanio.com/view/celebrity/s_ratio_celebrity/public/p1355152571.6.jpg","medium":"https://img3.doubanio.com/view/celebrity/s_ratio_celebrity/public/p1355152571.6.jpg"},"name":"普路特·泰勒·文斯","id":"1010659"},{"alt":"https://movie.douban.com/celebrity/1027407/","avatars":{"small":"https://img3.doubanio.com/view/celebrity/s_ratio_celebrity/public/p12333.jpg","large":"https://img3.doubanio.com/view/celebrity/s_ratio_celebrity/public/p12333.jpg","medium":"https://img3.doubanio.com/view/celebrity/s_ratio_celebrity/public/p12333.jpg"},"name":"比尔·努恩","id":"1027407"}],"collect_count":1053623,"original_title":"La leggenda del pianista sull'oceano","subtype":"movie","directors":[{"alt":"https://movie.douban.com/celebrity/1018983/","avatars":{"small":"https://img3.doubanio.com/view/celebrity/s_ratio_celebrity/public/p195.jpg","large":"https://img3.doubanio.com/view/celebrity/s_ratio_celebrity/public/p195.jpg","medium":"https://img3.doubanio.com/view/celebrity/s_ratio_celebrity/public/p195.jpg"},"name":"朱塞佩·托纳多雷","id":"1018983"}],"year":"1998","images":{"small":"https://img1.doubanio.com/view/photo/s_ratio_poster/public/p511146807.jpg","large":"https://img1.doubanio.com/view/photo/s_ratio_poster/public/p511146807.jpg","medium":"https://img1.doubanio.com/view/photo/s_ratio_poster/public/p511146807.jpg"},"alt":"https://movie.douban.com/subject/1292001/","id":"1292001"},{"rating":{"max":10,"average":9.3,"stars":"50","min":0},"genres":["剧情","音乐"],"title":"放牛班的春天","casts":[{"alt":"https://movie.douban.com/celebrity/1048281/","avatars":{"small":"https://img3.doubanio.com/view/celebrity/s_ratio_celebrity/public/p3363.jpg","large":"https://img3.doubanio.com/view/celebrity/s_ratio_celebrity/public/p3363.jpg","medium":"https://img3.doubanio.com/view/celebrity/s_ratio_celebrity/public/p3363.jpg"},"name":"热拉尔·朱尼奥","id":"1048281"},{"alt":"https://movie.douban.com/celebrity/1036712/","avatars":{"small":"https://img3.doubanio.com/view/celebrity/s_ratio_celebrity/public/p1414312828.15.jpg","large":"https://img3.doubanio.com/view/celebrity/s_ratio_celebrity/public/p1414312828.15.jpg","medium":"https://img3.doubanio.com/view/celebrity/s_ratio_celebrity/public/p1414312828.15.jpg"},"name":"让-巴蒂斯特·莫尼耶","id":"1036712"},{"alt":"https://movie.douban.com/celebrity/1054351/","avatars":{"small":"https://img1.doubanio.com/view/celebrity/s_ratio_celebrity/public/p9329.jpg","large":"https://img1.doubanio.com/view/celebrity/s_ratio_celebrity/public/p9329.jpg","medium":"https://img1.doubanio.com/view/celebrity/s_ratio_celebrity/public/p9329.jpg"},"name":"弗朗索瓦·贝莱昂","id":"1054351"}],"collect_count":941151,"original_title":"Les choristes","subtype":"movie","directors":[{"alt":"https://movie.douban.com/celebrity/1277959/","avatars":{"small":"https://img3.doubanio.com/view/celebrity/s_ratio_celebrity/public/p24744.jpg","large":"https://img3.doubanio.com/view/celebrity/s_ratio_celebrity/public/p24744.jpg","medium":"https://img3.doubanio.com/view/celebrity/s_ratio_celebrity/public/p24744.jpg"},"name":"克里斯托夫·巴拉蒂","id":"1277959"}],"year":"2004","images":{"small":"https://img3.doubanio.com/view/photo/s_ratio_poster/public/p1910824951.jpg","large":"https://img3.doubanio.com/view/photo/s_ratio_poster/public/p1910824951.jpg","medium":"https://img3.doubanio.com/view/photo/s_ratio_poster/public/p1910824951.jpg"},"alt":"https://movie.douban.com/subject/1291549/","id":"1291549"},{"rating":{"max":10,"average":9.2,"stars":"45","min":0},"genres":["喜剧","爱情","奇幻"],"title":"大话西游之大圣娶亲","casts":[{"alt":"https://movie.douban.com/celebrity/1048026/","avatars":{"small":"https://img3.doubanio.com/view/celebrity/s_ratio_celebrity/public/p47421.jpg","large":"https://img3.doubanio.com/view/celebrity/s_ratio_celebrity/public/p47421.jpg","medium":"https://img3.doubanio.com/view/celebrity/s_ratio_celebrity/public/p47421.jpg"},"name":"周星驰","id":"1048026"},{"alt":"https://movie.douban.com/celebrity/1016771/","avatars":{"small":"https://img3.doubanio.com/view/celebrity/s_ratio_celebrity/public/p45481.jpg","large":"https://img3.doubanio.com/view/celebrity/s_ratio_celebrity/public/p45481.jpg","medium":"https://img3.doubanio.com/view/celebrity/s_ratio_celebrity/public/p45481.jpg"},"name":"吴孟达","id":"1016771"},{"alt":"https://movie.douban.com/celebrity/1041734/","avatars":{"small":"https://img1.doubanio.com/view/celebrity/s_ratio_celebrity/public/p49237.jpg","large":"https://img1.doubanio.com/view/celebrity/s_ratio_celebrity/public/p49237.jpg","medium":"https://img1.doubanio.com/view/celebrity/s_ratio_celebrity/public/p49237.jpg"},"name":"朱茵","id":"1041734"}],"collect_count":988230,"original_title":"西遊記大結局之仙履奇緣","subtype":"movie","directors":[{"alt":"https://movie.douban.com/celebrity/1274431/","avatars":{"small":"https://img3.doubanio.com/view/celebrity/s_ratio_celebrity/public/p45374.jpg","large":"https://img3.doubanio.com/view/celebrity/s_ratio_celebrity/public/p45374.jpg","medium":"https://img3.doubanio.com/view/celebrity/s_ratio_celebrity/public/p45374.jpg"},"name":"刘镇伟","id":"1274431"}],"year":"1995","images":{"small":"https://img3.doubanio.com/view/photo/s_ratio_poster/public/p2455050536.jpg","large":"https://img3.doubanio.com/view/photo/s_ratio_poster/public/p2455050536.jpg","medium":"https://img3.doubanio.com/view/photo/s_ratio_poster/public/p2455050536.jpg"},"alt":"https://movie.douban.com/subject/1292213/","id":"1292213"},{"rating":{"max":10,"average":9.2,"stars":"45","min":0},"genres":["剧情","科幻"],"title":"楚门的世界","casts":[{"alt":"https://movie.douban.com/celebrity/1054438/","avatars":{"small":"https://img3.doubanio.com/view/celebrity/s_ratio_celebrity/public/p615.jpg","large":"https://img3.doubanio.com/view/celebrity/s_ratio_celebrity/public/p615.jpg","medium":"https://img3.doubanio.com/view/celebrity/s_ratio_celebrity/public/p615.jpg"},"name":"金·凯瑞","id":"1054438"},{"alt":"https://movie.douban.com/celebrity/1053572/","avatars":{"small":"https://img3.doubanio.com/view/celebrity/s_ratio_celebrity/public/p516.jpg","large":"https://img3.doubanio.com/view/celebrity/s_ratio_celebrity/public/p516.jpg","medium":"https://img3.doubanio.com/view/celebrity/s_ratio_celebrity/public/p516.jpg"},"name":"劳拉·琳妮","id":"1053572"},{"alt":"https://movie.douban.com/celebrity/1048024/","avatars":{"small":"https://img3.doubanio.com/view/celebrity/s_ratio_celebrity/public/p1485163747.76.jpg","large":"https://img3.doubanio.com/view/celebrity/s_ratio_celebrity/public/p1485163747.76.jpg","medium":"https://img3.doubanio.com/view/celebrity/s_ratio_celebrity/public/p1485163747.76.jpg"},"name":"艾德·哈里斯","id":"1048024"}],"collect_count":967978,"original_title":"The Truman Show","subtype":"movie","directors":[{"alt":"https://movie.douban.com/celebrity/1022721/","avatars":{"small":"https://img3.doubanio.com/view/celebrity/s_ratio_celebrity/public/p4360.jpg","large":"https://img3.doubanio.com/view/celebrity/s_ratio_celebrity/public/p4360.jpg","medium":"https://img3.doubanio.com/view/celebrity/s_ratio_celebrity/public/p4360.jpg"},"name":"彼得·威尔","id":"1022721"}],"year":"1998","images":{"small":"https://img3.doubanio.com/view/photo/s_ratio_poster/public/p479682972.jpg","large":"https://img3.doubanio.com/view/photo/s_ratio_poster/public/p479682972.jpg","medium":"https://img3.doubanio.com/view/photo/s_ratio_poster/public/p479682972.jpg"},"alt":"https://movie.douban.com/subject/1292064/","id":"1292064"},{"rating":{"max":10,"average":9.2,"stars":"50","min":0},"genres":["剧情","科幻","冒险"],"title":"星际穿越","casts":[{"alt":"https://movie.douban.com/celebrity/1040511/","avatars":{"small":"https://img3.doubanio.com/view/celebrity/s_ratio_celebrity/public/p1392653727.04.jpg","large":"https://img3.doubanio.com/view/celebrity/s_ratio_celebrity/public/p1392653727.04.jpg","medium":"https://img3.doubanio.com/view/celebrity/s_ratio_celebrity/public/p1392653727.04.jpg"},"name":"马修·麦康纳","id":"1040511"},{"alt":"https://movie.douban.com/celebrity/1048027/","avatars":{"small":"https://img1.doubanio.com/view/celebrity/s_ratio_celebrity/public/p10467.jpg","large":"https://img1.doubanio.com/view/celebrity/s_ratio_celebrity/public/p10467.jpg","medium":"https://img1.doubanio.com/view/celebrity/s_ratio_celebrity/public/p10467.jpg"},"name":"安妮·海瑟薇","id":"1048027"},{"alt":"https://movie.douban.com/celebrity/1000225/","avatars":{"small":"https://img3.doubanio.com/view/celebrity/s_ratio_celebrity/public/p54076.jpg","large":"https://img3.doubanio.com/view/celebrity/s_ratio_celebrity/public/p54076.jpg","medium":"https://img3.doubanio.com/view/celebrity/s_ratio_celebrity/public/p54076.jpg"},"name":"杰西卡·查斯坦","id":"1000225"}],"collect_count":972813,"original_title":"Interstellar","subtype":"movie","directors":[{"alt":"https://movie.douban.com/celebrity/1054524/","avatars":{"small":"https://img3.doubanio.com/view/celebrity/s_ratio_celebrity/public/p673.jpg","large":"https://img3.doubanio.com/view/celebrity/s_ratio_celebrity/public/p673.jpg","medium":"https://img3.doubanio.com/view/celebrity/s_ratio_celebrity/public/p673.jpg"},"name":"克里斯托弗·诺兰","id":"1054524"}],"year":"2014","images":{"small":"https://img3.doubanio.com/view/photo/s_ratio_poster/public/p2206088801.jpg","large":"https://img3.doubanio.com/view/photo/s_ratio_poster/public/p2206088801.jpg","medium":"https://img3.doubanio.com/view/photo/s_ratio_poster/public/p2206088801.jpg"},"alt":"https://movie.douban.com/subject/1889243/","id":"1889243"},{"rating":{"max":10,"average":9.2,"stars":"45","min":0},"genres":["动画","奇幻","冒险"],"title":"龙猫","casts":[{"alt":"https://movie.douban.com/celebrity/1019382/","avatars":{"small":"https://img3.doubanio.com/view/celebrity/s_ratio_celebrity/public/p1455201170.02.jpg","large":"https://img3.doubanio.com/view/celebrity/s_ratio_celebrity/public/p1455201170.02.jpg","medium":"https://img3.doubanio.com/view/celebrity/s_ratio_celebrity/public/p1455201170.02.jpg"},"name":"日高法子","id":"1019382"},{"alt":"https://movie.douban.com/celebrity/1025582/","avatars":{"small":"https://img1.doubanio.com/view/celebrity/s_ratio_celebrity/public/p29537.jpg","large":"https://img1.doubanio.com/view/celebrity/s_ratio_celebrity/public/p29537.jpg","medium":"https://img1.doubanio.com/view/celebrity/s_ratio_celebrity/public/p29537.jpg"},"name":"坂本千夏","id":"1025582"},{"alt":"https://movie.douban.com/celebrity/1379738/","avatars":{"small":"https://img3.doubanio.com/view/celebrity/s_ratio_celebrity/public/p1503457262.72.jpg","large":"https://img3.doubanio.com/view/celebrity/s_ratio_celebrity/public/p1503457262.72.jpg","medium":"https://img3.doubanio.com/view/celebrity/s_ratio_celebrity/public/p1503457262.72.jpg"},"name":"糸井重里","id":"1379738"}],"collect_count":883847,"original_title":"となりのトトロ","subtype":"movie","directors":[{"alt":"https://movie.douban.com/celebrity/1054439/","avatars":{"small":"https://img3.doubanio.com/view/celebrity/s_ratio_celebrity/public/p616.jpg","large":"https://img3.doubanio.com/view/celebrity/s_ratio_celebrity/public/p616.jpg","medium":"https://img3.doubanio.com/view/celebrity/s_ratio_celebrity/public/p616.jpg"},"name":"宫崎骏","id":"1054439"}],"year":"1988","images":{"small":"https://img3.doubanio.com/view/photo/s_ratio_poster/public/p2540924496.jpg","large":"https://img3.doubanio.com/view/photo/s_ratio_poster/public/p2540924496.jpg","medium":"https://img3.doubanio.com/view/photo/s_ratio_poster/public/p2540924496.jpg"},"alt":"https://movie.douban.com/subject/1291560/","id":"1291560"},{"rating":{"max":10,"average":9.2,"stars":"50","min":0},"genres":["剧情","犯罪"],"title":"教父","casts":[{"alt":"https://movie.douban.com/celebrity/1041025/","avatars":{"small":"https://img3.doubanio.com/view/celebrity/s_ratio_celebrity/public/p45035.jpg","large":"https://img3.doubanio.com/view/celebrity/s_ratio_celebrity/public/p45035.jpg","medium":"https://img3.doubanio.com/view/celebrity/s_ratio_celebrity/public/p45035.jpg"},"name":"马龙·白兰度","id":"1041025"},{"alt":"https://movie.douban.com/celebrity/1054451/","avatars":{"small":"https://img3.doubanio.com/view/celebrity/s_ratio_celebrity/public/p645.jpg","large":"https://img3.doubanio.com/view/celebrity/s_ratio_celebrity/public/p645.jpg","medium":"https://img3.doubanio.com/view/celebrity/s_ratio_celebrity/public/p645.jpg"},"name":"阿尔·帕西诺","id":"1054451"},{"alt":"https://movie.douban.com/celebrity/1000050/","avatars":{"small":"https://img3.doubanio.com/view/celebrity/s_ratio_celebrity/public/p53524.jpg","large":"https://img3.doubanio.com/view/celebrity/s_ratio_celebrity/public/p53524.jpg","medium":"https://img3.doubanio.com/view/celebrity/s_ratio_celebrity/public/p53524.jpg"},"name":"詹姆斯·肯恩","id":"1000050"}],"collect_count":631398,"original_title":"The Godfather","subtype":"movie","directors":[{"alt":"https://movie.douban.com/celebrity/1054419/","avatars":{"small":"https://img3.doubanio.com/view/celebrity/s_ratio_celebrity/public/p592.jpg","large":"https://img3.doubanio.com/view/celebrity/s_ratio_celebrity/public/p592.jpg","medium":"https://img3.doubanio.com/view/celebrity/s_ratio_celebrity/public/p592.jpg"},"name":"弗朗西斯·福特·科波拉","id":"1054419"}],"year":"1972","images":{"small":"https://img3.doubanio.com/view/photo/s_ratio_poster/public/p1853232210.jpg","large":"https://img3.doubanio.com/view/photo/s_ratio_poster/public/p1853232210.jpg","medium":"https://img3.doubanio.com/view/photo/s_ratio_poster/public/p1853232210.jpg"},"alt":"https://movie.douban.com/subject/1291841/","id":"1291841"},{"rating":{"max":10,"average":9.3,"stars":"50","min":0},"genres":["剧情"],"title":"熔炉","casts":[{"alt":"https://movie.douban.com/celebrity/1011009/","avatars":{"small":"https://img3.doubanio.com/view/celebrity/s_ratio_celebrity/public/p55195.jpg","large":"https://img3.doubanio.com/view/celebrity/s_ratio_celebrity/public/p55195.jpg","medium":"https://img3.doubanio.com/view/celebrity/s_ratio_celebrity/public/p55195.jpg"},"name":"孔侑","id":"1011009"},{"alt":"https://movie.douban.com/celebrity/1276062/","avatars":{"small":"https://img1.doubanio.com/view/celebrity/s_ratio_celebrity/public/p1409765749.47.jpg","large":"https://img1.doubanio.com/view/celebrity/s_ratio_celebrity/public/p1409765749.47.jpg","medium":"https://img1.doubanio.com/view/celebrity/s_ratio_celebrity/public/p1409765749.47.jpg"},"name":"郑有美","id":"1276062"},{"alt":"https://movie.douban.com/celebrity/1331104/","avatars":{"small":"https://img3.doubanio.com/view/celebrity/s_ratio_celebrity/public/p1393488191.45.jpg","large":"https://img3.doubanio.com/view/celebrity/s_ratio_celebrity/public/p1393488191.45.jpg","medium":"https://img3.doubanio.com/view/celebrity/s_ratio_celebrity/public/p1393488191.45.jpg"},"name":"金志映","id":"1331104"}],"collect_count":526199,"original_title":"도가니","subtype":"movie","directors":[{"alt":"https://movie.douban.com/celebrity/1317274/","avatars":{"small":"https://img1.doubanio.com/view/celebrity/s_ratio_celebrity/public/p52558.jpg","large":"https://img1.doubanio.com/view/celebrity/s_ratio_celebrity/public/p52558.jpg","medium":"https://img1.doubanio.com/view/celebrity/s_ratio_celebrity/public/p52558.jpg"},"name":"黄东赫","id":"1317274"}],"year":"2011","images":{"small":"https://img3.doubanio.com/view/photo/s_ratio_poster/public/p1363250216.jpg","large":"https://img3.doubanio.com/view/photo/s_ratio_poster/public/p1363250216.jpg","medium":"https://img3.doubanio.com/view/photo/s_ratio_poster/public/p1363250216.jpg"},"alt":"https://movie.douban.com/subject/5912992/","id":"5912992"}],"title":"豆瓣电影Top250"}