{"count":10,"start":0,"total":20,"subjects":[{"rating":{"max":10,"average":9.6,"stars":"50","min":0},"genres":["犯罪","剧情"],"title":"肖申克的救赎","casts":[{"alt":"https://movie.douban.com/celebrity/1054521/","avatars":{"small":"https://img3.doubanio.com/view/celebrity/s_ratio_celebrity/public/p17525.jpg","large":"https://img3.doubanio.com/view/celebrity/s_ratio_celebrity/public/p17525.jpg","medium":"https://img3.doubanio.com/view/celebrity/s_ratio_celebrity/public/p17525.jpg"},"name":"蒂姆·罗宾斯","id":"1054521"},{"alt":"https://movie.douban.com/celebrity/1054534/","avatars":{"small":"https://img3.doubanio.com/view/celebrity/s_ratio_celebrity/public/p34642.jpg","large":"https://img3.doubanio.com/view/celebrity/s_ratio_celebrity/public/p34642.jpg","medium":"https://img3.doubanio.com/view/celebrity/s_ratio_celebrity/public/p34642.jpg"},"name":"摩根·弗里曼","id":"1054534"},{"alt":"https://movie.douban.com/celebrity/1041179/","avatars":{"small":"https://img1.doubanio.com/view/celebrity/s_ratio_celebrity/public/p5837.jpg","large":"https://img1.doubanio.com/view/celebrity/s_ratio_celebrity/public/p5837.jpg","medium":"https://img1.doubanio.com/view/celebrity/s_ratio_celebrity/public/p5837.jpg"},"name":"鲍勃·冈顿","id":"1041179"}],"collect_count":1672554,"original_title":"The Shawshank Redemption","subtype":"movie","directors":[{"alt":"https://movie.douban.com/celebrity/1047973/","avatars":{"small":"https://img3.doubanio.com/view/celebrity/s_ratio_celebrity/public/p230.jpg","large":"https://img3.doubanio.com/view/celebrity/s_ratio_celebrity/public/p230.jpg","medium":"https://img3.doubanio.com/view/celebrity/s_ratio_celebrity/public/p230.jpg"},"name":"弗兰克·德拉邦特","id":"1047973"}],"year":"1994","images":{"small":"https://img3.doubanio.com/view/photo/s_ratio_poster/public/p480747492.jpg","large":"https://img3.doubanio.com/view/photo/s_ratio_poster/public/p480747492.jpg","medium":"https://img3.doubanio.com/view/photo/s_ratio_poster/public/p480747492.jpg"},"alt":"https://movie.douban.com/subject/1292052/","id":"1292052"},{"rating":{"max":10,"average":9.6,"stars":"50","min":0},"genres":["剧情","爱情","同性"],"title":"霸王别姬","casts":[{"alt":"https://movie.douban.com/celebrity/1003494/","avatars":{"small":"https://img1.doubanio.com/view/celebrity/s_ratio_celebrity/public/p67.jpg","large":"https://img1.doubanio.com/view/celebrity/s_ratio_celebrity/public/p67.jpg","medium":"https://img1.doubanio.com/view/celebrity/s_ratio_celebrity/public/p67.jpg"},"name":"张国荣","id":"1003494"},{"alt":"https://movie.douban.com/celebrity/1050265/","avatars":{"small":"https://img3.doubanio.com/view/celebrity/s_ratio_celebrity/public/p46345.jpg","large":"https://img3.doubanio.com/view/celebrity/s_ratio_celebrity/public/p46345.jpg","medium":"https://img3.doubanio.com/view/celebrity/s_ratio_celebrity/public/p46345.jpg"},"name":"张丰毅","id":"1050265"},{"alt":"https://movie.douban.com/celebrity/1035641/","avatars":{"small":"https://img1.doubanio.com/view/celebrity/s_ratio_celebrity/public/p1399268395.47.jpg","large":"https://img1.doubanio.com/view/celebrity/s_ratio_celebrity/public/p1399268395.47.jpg","medium":"https://img1.doubanio.com/view/celebrity/s_ratio_celebrity/public/p1399268395.47.jpg"},"name":"巩俐","id":"1035641"}],"collect_count":1342278,"original_title":"霸王别姬","subtype":"movie","directors":[{"alt":"https://movie.douban.com/celebrity/1023040/","avatars":{"small":"https://img3.doubanio.com/view/celebrity/s_ratio_celebrity/public/p1451727734.81.jpg","large":"https://img3.doubanio.com/view/celebrity/s_ratio_celebrity/public/p1451727734.81.jpg","medium":"https://img3.doubanio.com/view/celebrity/s_ratio_celebrity/public/p1451727734.81.jpg"},"name":"陈凯歌","id":"1023040"}],"year":"1993","images":{"small":"https://img3.doubanio.com/view/photo/s_ratio_poster/public/p1910813120.jpg","large":"https://img3.doubanio.com/view/photo/s_ratio_poster/public/p1910813120.jpg","medium":"https://img3.doubanio.com/view/photo/s_ratio_poster/public/p1910813120.jpg"},"alt":"https://movie.douban.com/subject/1291546/","id":"1291546"},{"rating":{"max":10,"average":9.4,"stars":"50","min":0},"genres":["剧情","动作","犯罪"],"title":"这个杀手不太冷","casts":[{"alt":"https://movie.douban.com/celebrity/1025182/","avatars":{"small":"https://img3.doubanio.com/view/celebrity/s_ratio_celebrity/public/p8833.jpg","large":"https://img3.doubanio.com/view/celebrity/s_ratio_celebrity/public/p8833.jpg","medium":"https://img3.doubanio.com/view/celebrity/s_ratio_celebrity/public/p8833.jpg"},"name":"让·雷诺","id":"1025182"},{"alt":"https://movie.douban.com/celebrity/1054454/","avatars":{"small":"https://img3.doubanio.com/view/celebrity/s_ratio_celebrity/public/p2274.jpg","large":"https://img3.doubanio.com/view/celebrity/s_ratio_celebrity/public/p2274.jpg","medium":"https://img3.doubanio.com/view/celebrity/s_ratio_celebrity/public/p2274.jpg"},"name":"娜塔莉·波特曼","id":"1054454"},{"alt":"https://movie.douban.com/celebrity/1010507/","avatars":{"small":"https://img3.doubanio.com/view/celebrity/s_ratio_celebrity/public/p33896.jpg","large":"https://img3.doubanio.com/view/celebrity/s_ratio_celebrity/public/p33896.jpg","medium":"https://img3.doubanio.com/view/celebrity/s_ratio_celebrity/public/p33896.jpg"},"name":"加里·奥德曼","id":"1010507"}],"collect_count":1745281,"original_title":"Léon","subtype":"movie","directors":[{"alt":"https://movie.douban.com/celebrity/1031876/","avatars":{"small":"https://img3.doubanio.com/view/celebrity/s_ratio_celebrity/public/p33301.jpg","large":"https://img3.doubanio.com/view/celebrity/s_ratio_celebrity/public/p33301.jpg","medium":"https://img3.doubanio.com/view/celebrity/s_ratio_celebrity/public/p33301.jpg"},"name":"吕克·贝松","id":"1031876"}],"year":"1994","images":{"small":"https://img3.doubanio.com/view/photo/s_ratio_poster/public/p511118051.jpg","large":"https://img3.doubanio.com/view/photo/s_ratio_poster/public/p511118051.jpg","medium":"https://img3.doubanio.com/view/photo/s_ratio_poster/public/p511118051.jpg"},"alt":"https://movie.douban.com/subject/1295644/","id":"1295644"},{"rating":{"max":10,"average":9.4,"stars":"50","min":0},"genres":["剧情","爱情"],"title":"阿甘正传","casts":[{"alt":"https://movie.douban.com/celebrity/1054450/","avatars":{"small":"https://img3.doubanio.com/view/celebrity/s_ratio_celebrity/public/p28603.jpg","large":"https://img3.doubanio.com/view/celebrity/s_ratio_celebrity/public/p28603.jpg","medium":"https://img3.doubanio.com/view/celebrity/s_ratio_celebrity/public/p28603.jpg"},"name":"汤姆·汉克斯","id":"1054450"},{"alt":"https://movie.douban.com/celebrity/1002676/","avatars":{"small":"https://img1.doubanio.com/view/celebrity/s_ratio_celebrity/public/p1537890386.77.jpg","large":"https://img1.doubanio.com/view/celebrity/s_ratio_celebrity/public/p1537890386.77.jpg","medium":"https://img1.doubanio.com/view/celebrity/s_ratio_celebrity/public/p1537890386.77.jpg"},"name":"罗宾·怀特","id":"1002676"},{"alt":"https://movie.douban.com/celebrity/1031848/","avatars":{"small":"https://img3.doubanio.com/view/celebrity/s_ratio_celebrity/public/p1345.jpg","large":"https://img3.doubanio.com/view/celebrity/s_ratio_celebrity/public/p1345.jpg","medium":"https://img3.doubanio.com/view/celebrity/s_ratio_celebrity/public/p1345.jpg"},"name":"加里·西尼斯","id":"1031848"}],"collect_count":1472512,"original_title":"Forrest Gump","subtype":"movie","directors":[{"alt":"https://movie.douban.com/celebrity/1053564/","avatars":{"small":"https://img3.doubanio.com/view/celebrity/s_ratio_celebrity/public/p505.jpg","large":"https://img3.doubanio.com/view/celebrity/s_ratio_celebrity/public/p505.jpg","medium":"https://img3.doubanio.com/view/celebrity/s_ratio_celebrity/public/p505.jpg"},"name":"罗伯特·泽米吉斯","id":"1053564"}],"year":"1994","images":{"small":"https://img1.doubanio.com/view/photo/s_ratio_poster/public/p510876377.jpg","large":"https://img1.doubanio.com/view/photo/s_ratio_poster/public/p510876377.jpg","medium":"https://img1.doubanio.com/view/photo/s_ratio_poster/public/p510876377.jpg"},"alt":"https://movie.douban.com/subject/1292720/","id":"1292720"},{"rating":{"max":10,"average":9.5,"stars":"50","min":0},"genres":["剧情","喜剧","爱情"],"title":"美丽人生","casts":[{"alt":"https://movie.douban.com/celebrity/1041004/","avatars":{"small":"https://img3.doubanio.com/view/celebrity/s_ratio_celebrity/public/p26764.jpg","large":"https://img3.doubanio.com/view/celebrity/s_ratio_celebrity/public/p26764.jpg","medium":"https://img3.doubanio.com/view/celebrity/s_ratio_celebrity/public/p26764.jpg"},"name":"罗伯托·贝尼尼","id":"1041004"},{"alt":"https://movie.douban.com/celebrity/1000375/","avatars":{"small":"https://img1.doubanio.com/view/celebrity/s_ratio_celebrity/public/p9548.jpg","large":"https://img1.doubanio.com/view/celebrity/s_ratio_celebrity/public/p9548.jpg","medium":"https://img1.doubanio.com/view/celebrity/s_ratio_celebrity/public/p9548.jpg"},"name":"尼可莱塔·布拉斯基","id":"1000375"},{"alt":"https://movie.douban.com/celebrity/1000368/","avatars":{"small":"https://img3.doubanio.com/view/celebrity/s_ratio_celebrity/public/p45590.jpg","large":"https://img3.doubanio.com/view/celebrity/s_ratio_celebrity/public/p45590.jpg","medium":"https://img3.doubanio.com/view/celebrity/s_ratio_celebrity/public/p45590.jpg"},"name":"乔治·坎塔里尼","id":"1000368"}],"collect_count":770857,"original_title":"La vita è bella","subtype":"movie","directors":[{"alt":"https://movie.douban.com/celebrity/1041004/","avatars":{"small":"https://img3.doubanio.com/view/celebrity/s_ratio_celebrity/public/p26764.jpg","large":"https://img3.doubanio.com/view/celebrity/s_ratio_celebrity/public/p26764.jpg","medium":"https://img3.doubanio.com/view/celebrity/s_ratio_celebrity/public/p26764.jpg"},"name":"罗伯托·贝尼尼","id":"1041004"}],"year":"1997","images":{"small":"https://img3.doubanio.com/view/photo/s_ratio_poster/public/p510861873.jpg","large":"https://img3.doubanio.com/view/photo/s_ratio_poster/public/p510861873.jpg","medium":"https://img3.doubanio.com/view/photo/s_ratio_poster/public/p510861873.jpg"},"alt":"https://movie.douban.com/subject/1292063/","id":"1292063"},{"rating":{"max":10,"average":9.3,"stars":"50","min":0},"genres":["剧情","爱情","灾难"],"title":"泰坦尼克号","casts":[{"alt":"https://movie.douban.com/celebrity/1041029/","avatars":{"small":"https://img3.doubanio.com/view/celebrity/s_ratio_celebrity/public/p814.jpg","large":"https://img3.doubanio.com/view/celebrity/s_ratio_celebrity/public/p814.jpg","medium":"https://img3.doubanio.com/view/celebrity/s_ratio_celebrity/public/p814.jpg"},"name":"莱昂纳多·迪卡普里奥","id":"1041029"},{"alt":"https://movie.douban.com/celebrity/1054446/","avatars":{"small":"https://img1.doubanio.com/view/celebrity/s_ratio_celebrity/public/p53358.jpg","large":"https://img1.doubanio.com/view/celebrity/s_ratio_celebrity/public/p53358.jpg","medium":"https://img1.doubanio.com/view/celebrity/s_ratio_celebrity/public/p53358.jpg"},"name":"凯特·温丝莱特","id":"1054446"},{"alt":"https://movie.douban.com/celebrity/1031864/","avatars":{"small":"https://img3.doubanio.com/view/celebrity/s_ratio_celebrity/public/p45186.jpg","large":"https://img3.doubanio.com/view/celebrity/s_ratio_celebrity/public/p45186.jpg","medium":"https://img3.doubanio.com/view/celebrity/s_ratio_celebrity/public/p45186.jpg"},"name":"比利·赞恩","id":"1031864"}],"collect_count":1357203,"original_title":"Titanic","subtype":"movie","directors":[{"alt":"https://movie.douban.com/celebrity/1022571/","avatars":{"small":"https://img3.doubanio.com/view/celebrity/s_ratio_celebrity/public/p33715.jpg","large":"https://img3.doubanio.com/view/celebrity/s_ratio_celebrity/public/p33715.jpg","medium":"https://img3.doubanio.com/view/celebrity/s_ratio_celebrity/public/p33715.jpg"},"name":"詹姆斯·卡梅隆","id":"1022571"}],"year":"1997","images":{"small":"https://img3.doubanio.com/view/photo/s_ratio_poster/public/p457760035.jpg","large":"https://img3.doubanio.com/view/photo/s_ratio_poster/public/p457760035.jpg","medium":"https://img3.doubanio.com/view/photo/s_ratio_poster/public/p457760035.jpg"},"alt":"https://movie.douban.com/subject/1292722/","id":"1292722"},{"rating":{"max":10,"average":9.3,"stars":"50","min":0},"genres":["剧情","动画","奇幻"],"title":"千与千寻","casts":[{"alt":"https://movie.douban.com/celebrity/1023337/","avatars":{"small":"https://img3.doubanio.com/view/celebrity/s_ratio_celebrity/public/p1463193210.13.jpg","large":"https://img3.doubanio.com/view/celebrity/s_ratio_celebrity/public/p1463193210.13.jpg","medium":"https://img3.doubanio.com/view/celebrity/s_ratio_celebrity/public/p1463193210.13.jpg"},"name":"柊瑠美","id":"1023337"},{"alt":"https://movie.douban.com/celebrity/1005438/","avatars":{"small":"https://img3.doubanio.com/view/celebrity/s_ratio_celebrity/public/p44986.jpg","large":"https://img3.doubanio.com/view/celebrity/s_ratio_celebrity/public/p44986.jpg","medium":"https://img3.doubanio.com/view/celebrity/s_ratio_celebrity/public/p44986.jpg"},"name":"入野自由","id":"1005438"},{"alt":"https://movie.douban.com/celebrity/1045797/","avatars":{"small":"https://img3.doubanio.com/view/celebrity/s_ratio_celebrity/public/p1376151005.51.jpg","large":"https://img3.doubanio.com/view/celebrity/s_ratio_celebrity/public/p1376151005.51.jpg","medium":"https://img3.doubanio.com/view/celebrity/s_ratio_celebrity/public/p1376151005.51.jpg"},"name":"夏木真理","id":"1045797"}],"collect_count":1249757,"original_title":"千と千尋の神隠し","subtype":"movie","directors":[{"alt":"https://movie.douban.com/celebrity/1054439/","avatars":{"small":"https://img3.doubanio.com/view/celebrity/s_ratio_celebrity/public/p616.jpg","large":"https://img3.doubanio.com/view/celebrity/s_ratio_celebrity/public/p616.jpg","medium":"https://img3.doubanio.com/view/celebrity/s_ratio_celebrity/public/p616.jpg"},"name":"宫崎骏","id":"1054439"}],"year":"2001","images":{"small":"https://img3.doubanio.com/view/photo/s_ratio_poster/public/p1606727862.jpg","large":"https://img3.doubanio.com/view/photo/s_ratio_poster/public/p1606727862.jpg","medium":"https://img3.doubanio.com/view/photo/s_ratio_poster/public/p1606727862.jpg"},"alt":"https://movie.douban.com/subject/1291561/","id":"1291561"},{"rating":{"max":10,"average":9.5,"stars":"50","min":0},"genres":["剧情","历史","战争"],"title":"辛德勒的名单","casts":[{"alt":"https://movie.douban.com/celebrity/1031220/","avatars":{"small":"https://img3.doubanio.com/view/celebrity/s_ratio_celebrity/public/p44906.jpg","large":"https://img3.doubanio.com/view/celebrity/s_ratio_celebrity/public/p44906.jpg","medium":"https://img3.doubanio.com/view/celebrity/s_ratio_celebrity/public/p44906.jpg"},"name":"连姆·尼森","id":"1031220"},{"alt":"https://movie.douban.com/celebrity/1054393/","avatars":{"small":"https://img1.doubanio.com/view/celebrity/s_ratio_celebrity/public/p1374649659.58.jpg","large":"https://img1.doubanio.com/view/celebrity/s_ratio_celebrity/public/p1374649659.58.jpg","medium":"https://img1.doubanio.com/view/celebrity/s_ratio_celebrity/public/p1374649659.58.jpg"},"name":"本·金斯利","id":"1054393"},{"alt":"https://movie.douban.com/celebrity/1006956/","avatars":{"small":"https://img3.doubanio.com/view/celebrity/s_ratio_celebrity/public/p28941.jpg","large":"https://img3.doubanio.com/view/celebrity/s_ratio_celebrity/public/p28941.jpg","medium":"https://img3.doubanio.com/view/celebrity/s_ratio_celebrity/public/p28941.jpg"},"name":"拉尔夫·费因斯","id":"1006956"}],"collect_count":718328,"original_title":"Schindler's List","subtype":"movie","directors":[{"alt":"https://movie.douban.com/celebrity/1054440/","avatars":{"small":"https://img3.doubanio.com/view/celebrity/s_ratio_celebrity/public/p34602.jpg","large":"https://img3.doubanio.com/view/celebrity/s_ratio_celebrity/public/p34602.jpg","medium":"https://img3.doubanio.com/view/celebrity/s_ratio_celebrity/public/p34602.jpg"},"name":"史蒂文·斯皮尔伯格","id":"1054440"}],"year":"1993","images":{"small":"https://img3.doubanio.com/view/photo/s_ratio_poster/public/p492406163.jpg","large":"https://img3.doubanio.com/view/photo/s_ratio_poster/public/p492406163.jpg","medium":"https://img3.doubanio.com/view/photo/s_ratio_poster/public/p492406163.jpg"},"alt":"https://movie.douban.com/subject/1295124/","id":"1295124"},{"rating":{"max":10,"average":9.3,"stars":"50","min":0},"genres":["剧情","科幻","悬疑"],"title":"盗梦空间","casts":[{"alt":"https://movie.douban.com/celebrity/1041029/","avatars":{"small":"https://img3.doubanio.com/view/celebrity/s_ratio_celebrity/public/p814.jpg","large":"https://img3.doubanio.com/view/celebrity/s_ratio_celebrity/public/p814.jpg","medium":"https://img3.doubanio.com/view/celebrity/s_ratio_celebrity/public/p814.jpg"},"name":"莱昂纳多·迪卡普里奥","id":"1041029"},{"alt":"https://movie.douban.com/celebrity/1101703/","avatars":{"small":"https://img1.doubanio.com/view/celebrity/s_ratio_celebrity/public/p3517.jpg","large":"https://img1.doubanio.com/view/celebrity/s_ratio_celebrity/public/p3517.jpg","medium":"https://img1.doubanio.com/view/celebrity/s_ratio_celebrity/public/p3517.jpg"},"name":"约瑟夫·高登-莱维特","id":"1101703"},{"alt":"https://movie.douban.com/celebrity/1012520/","avatars":{"small":"https://img1.doubanio.com/view/celebrity/s_ratio_celebrity/public/p118.jpg","large":"https://img1.doubanio.com/view/celebrity/s_ratio_celebrity/public/p118.jpg","medium":"https://img1.doubanio.com/view/celebrity/s_ratio_celebrity/public/p118.jpg"},"name":"艾伦·佩吉","id":"1012520"}],"collect_count":1481838,"original_title":"Inception","subtype":"movie","directors":[{"alt":"https://movie.douban.com/celebrity/1054524/","avatars":{"small":"https://img3.doubanio.com/view/celebrity/s_ratio_celebrity/public/p673.jpg","large":"https://img3.doubanio.com/view/celebrity/s_ratio_celebrity/public/p673.jpg","medium":"https://img3.doubanio.com/view/celebrity/s_ratio_celebrity/public/p673.jpg"},"name":"克里斯托弗·诺兰","id":"1054524"}],"year":"2010","images":{"small":"https://img3.doubanio.com/view/photo/s_ratio_poster/public/p513344864.jpg","large":"https://img3.doubanio.com/view/photo/s_ratio_poster/public/p513344864.jpg","medium":"https://img3.doubanio.com/view/photo/s_ratio_poster/public/p513344864.jpg"},"alt":"https://movie.douban.com/subject/3541415/","id":"3541415"},{"rating":{"max":10,"average":9.3,"stars":"50","min":0},"genres":["剧情"],"title":"忠犬八公的故事","casts":[{"alt":"https://movie.douban.com/celebrity/1040997/","avatars":{"small":"https://img3.doubanio.com/view/celebrity/s_ratio_celebrity/public/p33013.jpg","large":"https://img3.doubanio.com/view/celebrity/s_ratio_celebrity/public/p33013.jpg","medium":"https://img3.doubanio.com/view/celebrity/s_ratio_celebrity/public/p33013.jpg"},"name":"理查·基尔","id":"1040997"},{"alt":"https://movie.douban.com/celebrity/1049499/","avatars":{"small":"https://img3.doubanio.com/view/celebrity/s_ratio_celebrity/public/p5502.jpg","large":"https://img3.doubanio.com/view/celebrity/s_ratio_celebrity/public/p5502.jpg","medium":"https://img3.doubanio.com/view/celebrity/s_ratio_celebrity/public/p5502.jpg"},"name":"萨拉·罗默尔","id":"1049499"},{"alt":"https://movie.douban.com/celebrity/1025215/","avatars":{"small":"https://img3.doubanio.com/view/celebrity/s_ratio_celebrity/public/p17520.jpg","large":"https://img3.doubanio.com/view/celebrity/s_ratio_celebrity/public/p17520.jpg","medium":"https://img3.doubanio.com/view/celebrity/s_ratio_celebrity/public/p17520.jpg"},"name":"琼·艾伦","id":"1025215"}],"collect_count":1069261,"original_title":"Hachi: A Dog's Tale","subtype":"movie","directors":[{"alt":"https://movie.douban.com/celebrity/1018014/","avatars":{"small":"https://img3.doubanio.com/view/celebrity/s_ratio_celebrity/public/p4333.jpg","large":"https://img3.doubanio.com/view/celebrity/s_ratio_celebrity/public/p4333.jpg","medium":"https://img3.doubanio.com/view/celebrity/s_ratio_celebrity/public/p4333.jpg"},"name":"拉斯·霍尔斯道姆","id":"1018014"}],"year":"2009","images":{"small":"https://img3.doubanio.com/view/photo/s_ratio_poster/public/p524964016.jpg","large":"https://img3.doubanio.com/view/photo/s_ratio_poster/public/p524964016.jpg","medium":"https://img3.doubanio.com/view/photo/s_ratio_poster/public/p524964016.jpg"},"alt":"https://movie.douban.com/subject/3011091/","id":"3011091"}],"title":"豆瓣电影Top250"}